,precision,recall,f1-score,support
Positive,0.557699994289956,0.9752371442835747,0.7096047660563789,10015.0
Negative,0.900281463610776,0.2242363545317977,0.35904425914047466,9985.0
accuracy,0.6003,0.6003,0.6003,0.6003
macro avg,0.728990728950366,0.5997367494076862,0.5343245125984268,20000.0
weighted avg,0.7287337928483754,0.6003,0.5345874329786137,20000.0
no. of reviews,50000.0,50000.0,50000.0,50000.0
no. of docs,30000.0,30000.0,30000.0,30000.0
no. of words in vocabulary,4715151.0,4715151.0,4715151.0,4715151.0
