,precision,recall,f1-score,support
Positive,0.7366169154228855,0.7391912131802296,0.7379018190879642,10015.0
Negative,0.7374874371859297,0.7349023535302954,0.7361926260346126,9985.0
accuracy,0.73705,0.73705,0.73705,0.73705
macro avg,0.7370521763044076,0.7370467833552625,0.7370472225612883,20000.0
weighted avg,0.7370515234130853,0.73705,0.7370485044560784,20000.0
no. of reviews,50000.0,50000.0,50000.0,50000.0
no. of docs,30000.0,30000.0,30000.0,30000.0
no. of words in vocabulary,4715151.0,4715151.0,4715151.0,4715151.0
